企业代号,企业名称,信誉评级,是否违约,进项总额,进项发票数量,进项平均金额,进项金额标准差,进项净金额,进项税额,进项作废数量,进项作废率,销项总额,销项发票数量,销项平均金额,销项金额标准差,销项净金额,销项税额,销项作废数量,销项作废率,毛利润,毛利率,总发票数量,发票活跃度,总作废数量,整体作废率,现金流入,现金流出,净现金流,收入稳定性,支出稳定性,业务规模,信誉评级数值,违约标签
E1,***电器销售有限公司,A,否,6892693842.0,3441,2003107.77,4538253.1,5964027383.42,928666458.58,192,0.0558,4798811944.64,8110,591715.41,493962.26,4152993641.69,645818302.95,224,0.0276,-1811033741.73,-0.4361,11551,9.354613861132608,416,0.036,4798811944.64,6892693842.0,-2093881897.3599997,0.5450194163065498,0.30622187184127847,23.18212841402732,4,0
E2,***技术有限责任公司,A,否,171736465.85,32156,5340.73,25935.55,164544160.52,7192305.33,721,0.0224,694708186.72,12707,54671.3,46052.96,655381855.7,39326331.02,1042,0.082,490837695.18000007,0.7489,44863,10.711390970394262,1763,0.0393,694708186.72,171736465.85,522971720.87,0.5427818481908651,0.17075975790053166,20.579908791531174,4,0
E3,***电子(中国)有限公司***分公司,C,否,57520838.33,4561,12611.45,56971.86,55190824.29,2330014.04,194,0.0425,682739787.96,24073,28361.23,120731.75,588786961.61,93952826.35,385,0.016,533596137.32,0.9063,28634,10.262385024827958,579,0.0202,682739787.96,57520838.33,625218949.63,0.1902251199272412,0.1812424559972608,20.42251288119551,2,0
E4,***发展有限责任公司,C,否,380407448.31,558,681733.78,2328124.67,328166597.01,52240851.3,37,0.0663,2345630675.63,2231,1051380.85,271272.68,2011179877.87,334450797.76,190,0.0852,1683013280.86,0.8368,2789,7.933796874815411,227,0.0814,2345630675.63,380407448.31,1965223227.3200002,0.7949026908053579,0.22650027944030843,21.726115155794268,2,0
E5,***供应链管理有限公司,B,否,232050213.73,2169,106984.88,384097.95,201940761.49,30109452.24,85,0.0392,242788172.59,1060,229045.45,314360.51,210801270.55,31986902.04,55,0.0519,8860509.060000002,0.042,3229,8.080237416216702,140,0.0434,242788172.59,232050213.73,10737958.860000014,0.4214997016237704,0.2178550612343383,19.978485066884048,3,0
E6,***装饰设计工程有限公司,A,否,341136855.55,11337,30090.58,90881.36,320765704.23,20371151.32,523,0.0461,442603619.82,1052,420725.87,383801.22,409937095.63,32666524.19,139,0.1321,89171391.39999998,0.2175,12389,9.424644974623188,662,0.0534,442603619.82,341136855.55,101466764.26999998,0.5229480464113111,0.24874016239428134,20.479588498475536,4,0
E7,***家电有限公司***分公司,A,否,66653596.78,13097,5089.23,23519.16,62702547.06,3951049.72,454,0.0347,611208630.11,8149,75004.13,238664.47,525822174.58,85386455.53,117,0.0144,463119627.52,0.8808,21246,9.963970987915639,571,0.0269,611208630.11,66653596.78,544555033.33,0.23911902562373433,0.1778929188542979,20.334454621553935,4,0
E8,***科学研究院有限公司,A,否,181067507.17,22536,8034.59,63275.99,172522421.69,8545085.48,759,0.0337,430366180.82,9425,45662.19,43525.72,405507473.41,24858707.41,1066,0.1131,232985051.72000003,0.5746,31961,10.372302976145054,1825,0.0571,430366180.82,181067507.17,249298673.65,0.5119773520927671,0.11267037795636119,20.231317067293233,4,0
E9,***生活用品服务有限公司***分公司,A,否,26702370.13,4293,6219.98,23805.47,24891167.3,1811202.83,94,0.0219,380818065.86,5906,64479.86,42819.2,329474184.75,51343881.11,146,0.0247,304583017.45,0.9245,10199,9.230142999272362,240,0.0235,380818065.86,26702370.13,354115695.73,0.6009359261898386,0.2071569285653618,19.825601641510314,4,0
E10,***建筑劳务有限公司,B,否,6478610.55,4097,1581.31,4353.31,6157427.23,321183.32,237,0.0578,380698550.89,568,670243.93,360353.43,369075006.02,11623544.87,52,0.0915,362917578.78999996,0.9833,4665,8.448057452581375,289,0.062,380698550.89,6478610.55,374219940.34,0.6503450872417814,0.26645513962706036,19.77439293032558,3,0
E11,***建设工程有限公司,C,否,155449568.75,2836,54812.97,95962.94,143427397.23,12022172.88,121,0.0427,166981799.71,1117,149491.32,214060.83,152494507.04,14487292.67,66,0.0591,9067109.810000002,0.0595,3953,8.282483003730562,187,0.0473,166981799.71,155449568.75,11532230.960000008,0.4111963579381633,0.3635393081072199,19.591400863677322,2,0
E12,***建筑劳务有限公司,B,否,111222714.63,1796,61928.01,278289.58,104130162.08,7092552.55,39,0.0217,263582992.51,285,924852.61,242040.06,242695289.19,20887703.32,22,0.0772,138565127.11,0.5709,2081,7.641084249174914,61,0.0293,263582992.51,111222714.63,152360277.88,0.7925772727668324,0.18202471542055768,19.74191833804181,3,0
E13,***汽车贸易有限公司,A,否,110124167.96,13469,8176.12,33907.85,97763521.55,12360647.79,214,0.0159,275452694.64,8005,34410.08,122383.52,239809372.24,35643322.4,1197,0.1495,142045850.69,0.5923,21474,9.974644746852457,1411,0.0657,275452694.64,110124167.96,165328526.68,0.21946099841307645,0.19428110040012192,19.770251117863186,4,0
E14,个体经营E14,C,否,138371076.37,7077,19552.22,70206.0,123045721.43,15325354.94,550,0.0777,264977386.65,3336,79429.67,162047.32,229133689.96,35843696.69,239,0.0716,106087968.53,0.463,10413,9.250906333722844,789,0.0758,264977386.65,138371076.37,126606310.28,0.3289326655954717,0.21783208268593302,19.815311421282487,2,0
E15,***劳务有限公司,A,否,4803944.44,92,52216.79,48785.7,4238459.0,565485.44,0,0.0,234179413.01,2412,97089.31,14126.67,225795391.29,8384021.72,152,0.063,221556932.29,0.9812,2504,7.826044013518965,152,0.0607,234179413.01,4803944.44,229375468.57,0.8729798541551944,0.516985175320757,19.291904477555192,4,0
E16,***建筑劳务有限公司,A,否,293248.42,290,1011.2,2499.55,277666.29,15582.13,1,0.0034,238024635.44,439,542197.35,316299.59,233531842.41,4492793.03,49,0.1116,233254176.12,0.9988,729,6.593044534142437,50,0.0686,238024635.44,293248.42,237731387.02,0.6315658504273393,0.2880296235026619,19.289115991120113,4,0
E17,***消防工程有限公司,A,否,156248941.46,7568,20646.0,48849.68,142609138.65,13639802.81,425,0.0562,201628870.88,676,298267.56,341002.96,185588617.04,16040253.84,115,0.1701,42979478.389999986,0.2316,8244,9.0173622349937,540,0.0655,201628870.88,156248941.46,45379929.41999999,0.46657487037026746,0.2970832143912099,19.695702182588118,4,0
E18,***消防工程有限责任公司,A,否,148426889.98,5765,25746.21,69709.5,137661325.15,10765564.83,310,0.0538,217474538.47,381,570799.31,336191.81,206663509.54,10811028.93,36,0.0945,69002184.38999999,0.3339,6146,8.72371943690701,346,0.0563,217474538.47,148426889.98,69047648.49000001,0.6293328538876661,0.2697189094369554,19.717874536650292,4,0
E19,***科技有限公司,A,否,221345740.28,1524,145239.99,242960.41,191107886.02,30237854.26,40,0.0262,230839653.54,3099,74488.43,40592.38,199187341.12,31652312.42,278,0.0897,8079455.099999994,0.0406,4623,8.439015410352214,318,0.0688,230839653.54,221345740.28,9493913.25999999,0.6472706439966206,0.3741366314940063,19.929602819232592,4,0
E20,***贸易有限公司,B,否,224188361.31,1130,198396.78,368317.51,194764637.33,29423723.98,89,0.0788,237239059.56,777,305326.97,368042.15,204845870.37,32393189.19,40,0.0515,10081233.039999992,0.0492,1907,7.553810852008231,129,0.0676,237239059.56,224188361.31,13050698.25,0.4534317968138286,0.3500825433582236,19.949835333819156,3,0
E21,***建设工程有限公司,B,否,139254206.27,2312,60231.06,105502.29,129954665.68,9299540.59,166,0.0718,133099447.84,1466,90790.89,36606.88,121476861.07,11622586.77,38,0.0259,-8477804.610000014,-0.0698,3778,8.237214703349489,204,0.054,133099447.84,139254206.27,-6154758.430000007,0.712656822802215,0.3634214839719138,19.422611982339113,3,0
E22,***物流有限公司,A,否,82470472.7,1610,51223.9,91283.9,72525770.26,9944702.44,90,0.0559,140815694.56,1562,90150.89,27282.22,128233239.48,12582455.08,196,0.1255,55707469.22,0.4344,3172,8.062432791583195,286,0.0902,140815694.56,82470472.7,58345221.86,0.767678638505208,0.3594462899619569,19.22396477248256,4,0
E23,***贸易有限公司,B,否,202890429.89,4951,40979.69,179596.99,175428325.69,27462104.2,149,0.0301,215653328.36,3570,60407.09,43470.5,186376755.0,29276573.36,129,0.0361,10948429.310000002,0.0587,8521,9.050406334059858,278,0.0326,215653328.36,202890429.89,12762898.470000029,0.5815218662698902,0.18578432679653273,19.852292004554208,3,0
E24,***建筑工程有限公司,A,否,88205844.08,2047,43090.3,103826.97,77058977.59,11146866.49,43,0.021,167685615.31,1782,94099.67,31041.94,152763534.34,14922080.97,144,0.0808,75704556.75,0.4956,3829,8.250620082174692,187,0.0488,167685615.31,88205844.08,79479771.23,0.751945495988489,0.2932963565189219,19.36026392968613,4,0
E25,***通讯设备有限公司,C,否,10304807.07,1410,7308.37,31795.03,9258477.48,1046329.59,19,0.0135,48570907.06,978,49663.5,258888.74,42114974.18,6455932.88,164,0.1677,32856496.7,0.7802,2388,7.77863014732581,183,0.0766,48570907.06,10304807.07,38266099.99,0.16095653689255035,0.18689858172980103,17.890939256808828,2,0
E26,***金属材料有限公司,A,否,44375578.78,791,56100.61,87405.76,38586220.69,5789358.09,33,0.0417,46858830.27,504,92973.87,27444.31,40477233.64,6381596.63,54,0.1071,1891012.950000003,0.0467,1295,7.16703787691222,87,0.0672,46858830.27,44375578.78,2483251.490000002,0.7720916393208062,0.39092766405149176,18.32894268706344,4,0
E27,***农业开发有限公司,A,否,51954384.08,2565,20255.12,34745.1,47022389.63,4931994.45,90,0.0351,50743782.93,1468,34566.61,36355.79,45943755.65,4800028.2,79,0.0538,-1078633.9800000042,-0.0235,4033,8.302513718514158,169,0.0419,50743782.93,51954384.08,-1210601.1499999985,0.4873863546709166,0.36827343600865103,18.447304836472885,4,0
E28,***景观工程有限公司,B,否,1534338.47,169,9078.93,19816.88,1375638.21,158700.26,13,0.0769,58784163.8,569,103311.36,67624.72,53576276.47,5207887.33,44,0.0773,52200638.26,0.9743,738,6.6052979209482015,57,0.0772,58784163.8,1534338.47,57249825.33,0.6043859201661558,0.31419537990753,17.915149468192993,3,0
E29,***建筑劳务有限公司,C,是,186918.44,50,3738.37,23538.25,160844.9,26073.54,2,0.04,47484378.78,475,99967.11,9243.01,45658867.56,1825511.22,6,0.0126,45498022.660000004,0.9965,525,6.26530121273771,8,0.0152,47484378.78,186918.44,47297460.34,0.9153648947559497,0.1370540045233957,17.67984006029036,2,1
E30,***建筑工程有限公司,B,否,25332074.36,754,33596.92,49997.63,22120861.61,3211212.75,14,0.0186,83785026.3,800,104731.28,16941.18,76657161.37,7127864.93,53,0.0662,54536299.760000005,0.7114,1554,7.349230824613334,67,0.0431,83785026.3,25332074.36,58452951.94,0.8607640545784908,0.40190323412947493,18.50793219067295,3,0
E31,***食品有限公司,A,否,5106571.58,412,12394.59,28525.6,4455268.98,651302.6,8,0.0194,56466238.15,2608,21651.16,29314.01,49185449.3,7280788.85,107,0.041,44730180.31999999,0.9094,3020,8.013343181386672,115,0.0381,56466238.15,5106571.58,51359666.57,0.42482267793034295,0.3028966874468839,17.9357309468118,4,0
E32,***建筑劳务有限公司,B,否,2607862.72,2826,922.81,3980.35,2415504.8,192357.92,15,0.0053,48727105.48,552,88273.74,32444.8,47307620.39,1419485.09,84,0.1522,44892115.59,0.9489,3378,8.12533508671429,99,0.0293,48727105.48,2607862.72,46119242.76,0.7312359808217425,0.18820719715689327,17.753882738734504,3,0
E33,***园林有限责任公司,B,否,84651745.75,1293,65469.25,93687.48,83296658.79,1355086.96,160,0.1237,87446737.75,1073,81497.43,35898.64,81818242.32,5628495.43,161,0.15,-1478416.4700000137,-0.0181,2366,7.769378609513984,321,0.1357,87446737.75,84651745.75,2794992.0,0.6942091843475321,0.41135081124491973,18.96357745521621,3,0
E34,***建设工程有限公司,B,否,63752740.57,2309,27610.54,56446.7,59542055.22,4210685.35,238,0.1031,100951985.3,707,142789.23,220252.02,95346823.38,5605161.92,111,0.157,35804768.16,0.3755,3016,8.012018239159062,349,0.1157,100951985.3,63752740.57,37199244.73,0.39331406555207354,0.3284730738324448,18.919664894614602,3,0
E35,***商贸有限公司,B,否,37695415.81,669,56345.91,81303.83,33742604.11,3952811.7,36,0.0538,40232953.81,770,52250.59,39418.76,36486433.5,3746520.31,33,0.0429,2743829.3900000006,0.0752,1439,7.272398392570047,69,0.0479,40232953.81,37695415.81,2537538.0,0.5699897512137919,0.40934265477428916,18.171300637350168,3,0
E36,***超硬材料有限公司,D,是,23711973.58,1636,14493.87,25159.37,20698686.23,3013287.35,74,0.0452,43420766.65,1547,28067.72,31814.79,38068397.49,5352369.16,118,0.0763,17369711.26,0.4563,3183,8.065893546964274,192,0.0603,43420766.65,23711973.58,19708793.07,0.4687131518122952,0.365515403044858,18.02218242973041,1,1
E37,***木业有限公司,B,否,52152650.68,618,84389.4,70106.14,45277866.44,6874784.24,26,0.0421,56016244.25,1273,44003.33,41998.55,48604276.14,7411968.11,89,0.0699,3326409.700000003,0.0684,1891,7.545389749611823,115,0.0608,56016244.25,52152650.68,3863593.5700000003,0.5116554428866944,0.5462254768031088,18.499204414750277,3,0
E38,***建设工程有限公司,B,否,15963852.31,991,16108.83,77890.13,14820769.27,1143083.04,33,0.0333,56481480.99,628,89938.66,28270.97,54424805.63,2056675.36,76,0.121,39604036.36,0.7277,1619,7.3901814282264295,109,0.0673,56481480.99,15963852.31,40517628.68,0.7608403816189862,0.17137242795908195,18.098342825761478,3,0
E39,***建筑劳务有限公司,C,否,374123.46,282,1326.68,6338.33,351069.36,23054.1,3,0.0106,36447643.68,264,138059.26,213977.88,32281482.8,4166160.88,28,0.1061,31930413.44,0.9891,546,6.304448802421981,31,0.0568,36447643.68,374123.46,36073520.22,0.3921724281722316,0.17308261839539904,17.421599753800365,2,0
E40,***财税咨询服务有限公司,C,否,4847020.63,3148,1539.71,6511.79,4617177.51,229843.12,80,0.0254,36044581.87,883,40820.59,44574.53,35220921.65,823660.22,83,0.094,30603744.14,0.8689,4031,8.302017809751204,163,0.0404,36044581.87,4847020.63,31197561.24,0.4780201725874029,0.19123268966140064,17.52643530653892,2,0
E41,***物业发展有限公司,C,否,5888015.49,2033,2896.22,9429.05,5564172.58,323842.91,65,0.032,36594329.95,663,55195.07,37401.3,35743044.2,851285.75,58,0.0875,30178871.620000005,0.8443,2696,7.89989532313973,123,0.0456,36594329.95,5888015.49,30706314.46,0.5960824382252125,0.23498227631240673,17.564599169719003,2,0
E42,***园艺场,A,否,11769.0,47,250.4,210.23,10425.63,1343.37,0,0.0,29332112.4,327,89700.65,30926.46,29332112.4,0.0,33,0.1009,29321686.77,0.9996,374,5.926926025970411,33,0.0882,29332112.4,11769.0,29320343.4,0.743619324049597,0.5436033268705831,17.19459464639671,4,0
E43,***建设工程有限公司,B,否,4896529.75,78,62776.02,129854.97,4229946.65,666583.1,10,0.1282,22624031.58,245,92342.99,35570.85,21075963.78,1548067.8,31,0.1265,16846017.130000003,0.7993,323,5.780743515792329,41,0.1269,22624031.58,4896529.75,17727501.83,0.7219155487809458,0.3258874389872269,17.130444004323564,3,0
E44,***商贸有限公司,C,否,34889736.62,1248,27956.52,60453.27,30319678.37,4570058.25,26,0.0208,39980557.58,2435,16419.12,23506.33,34794810.63,5185746.95,193,0.0793,4475132.260000002,0.1286,3683,8.211754397375197,219,0.0595,39980557.58,34889736.62,5090820.960000001,0.4112444568712126,0.3162152064910887,18.13126777703334,2,0
E45,个体经营E45,B,是,27164993.31,600,45274.99,62079.34,24057221.91,3107771.4,8,0.0133,29870246.62,325,91908.45,39051.19,26219218.7,3651027.92,20,0.0615,2161996.789999999,0.0825,925,6.8308742346461795,28,0.0303,29870246.62,27164993.31,2705253.3100000024,0.7018074423562725,0.42173417691282944,17.859179896683482,3,1
E46,***广告传媒有限公司,C,否,55139852.76,2544,21674.47,46360.96,51908436.74,3231416.02,52,0.0204,67723749.82,974,69531.57,43965.83,63843734.64,3880015.18,85,0.0873,11935297.899999999,0.1869,3518,8.165932137321585,137,0.0389,67723749.82,55139852.76,12583897.059999995,0.6126269852911816,0.3185762183127442,18.62658538405292,2,0
E47,***控制设备有限责任公司,C,否,50843810.67,2905,17502.17,44660.5,43879879.29,6963931.38,94,0.0324,61250922.33,3518,17410.72,25965.58,52780652.66,8470269.67,162,0.046,8900773.369999997,0.1686,6423,8.767796255626598,256,0.0399,61250922.33,50843810.67,10407111.659999996,0.4013878546717588,0.2815543476610391,18.534854911024624,2,0
E48,***化工有限公司,A,否,14868845.45,1235,12039.55,26198.84,13033991.7,1834853.75,25,0.0202,60729353.86,1016,59772.99,33454.32,52985940.51,7743413.35,56,0.0551,39951948.81,0.754,2251,7.719573989259581,81,0.036,60729353.86,14868845.45,45860508.41,0.6411532200206017,0.31485504490866756,18.140943035443126,4,0
E49,***地球环保科技有限公司,C,否,28621095.95,3615,7917.32,22489.8,27258672.32,1362423.63,97,0.0268,43889831.01,513,85555.23,37098.36,41293664.53,2596166.48,52,0.1014,14034992.21,0.3399,4128,8.32579052588609,149,0.0361,43889831.01,28621095.95,15268735.059999999,0.697535473688968,0.26037717484390577,18.099247838948965,2,0
E50,***建筑劳务有限公司,C,否,3001235.29,197,15234.7,109082.98,2693857.66,307377.63,11,0.0558,22398562.26,285,78591.45,51328.51,21292209.13,1106353.13,30,0.1053,18598351.47,0.8735,482,6.180016653652572,41,0.0851,22398562.26,3001235.29,19397326.970000003,0.6049220612475178,0.12254652758061005,17.05025180085495,2,0
E51,***物流有限公司,B,否,22752291.9,453,50225.81,58195.93,20557244.87,2195047.03,2,0.0044,32245280.85,895,36028.25,35628.65,29359283.96,2885996.89,61,0.0682,8802039.09,0.2998,1348,7.207118856207756,63,0.0467,32245280.85,22752291.9,9492988.950000003,0.5027882869688364,0.4632448252586313,17.822799628587347,3,0
E52,***商贸有限公司,D,是,19219022.54,425,45221.23,121439.93,16993550.78,2225471.76,16,0.0376,24971677.53,379,65888.33,42218.14,22005202.61,2966474.92,93,0.2454,5011651.829999998,0.2277,804,6.690842277418564,109,0.1356,24971677.53,19219022.54,5752654.990000002,0.60947628759306,0.27133634495720943,17.60402494188264,1,1
E53,***文化传媒有限公司,C,否,37208090.95,630,59060.46,43921.34,34734922.29,2473168.66,31,0.0492,42647832.98,454,93937.96,110319.81,40233803.85,2414029.13,58,0.1278,5498881.560000002,0.1367,1084,6.98933526597456,89,0.0821,42647832.98,37208090.95,5439742.029999994,0.4598990775261088,0.5735038618515748,18.195734630623964,2,0
E54,***新技术开发有限公司,A,否,9505099.81,1644,5781.69,16976.32,8806043.64,699056.17,89,0.0541,41471357.92,3501,11845.57,23757.84,37213236.41,4258121.51,286,0.0817,28407192.769999996,0.7634,5145,8.545974992841689,375,0.0729,41471357.92,9505099.81,31966258.11,0.3327088613328693,0.25405077160726924,17.7468744905921,4,0
E55,***集团有限公司***电力设备分公司,C,否,12357893.48,823,15015.67,45885.43,11546892.2,811001.28,71,0.0863,28408072.28,590,48149.28,73165.63,26018762.99,2389309.29,147,0.2492,14471870.79,0.5562,1413,7.254177846456518,218,0.1543,28408072.28,12357893.48,16050178.8,0.39689499007667817,0.24655827235884806,17.52335814324011,2,0
E56,***家居材料***有限公司,C,否,31762735.35,1201,26446.91,66345.13,27666204.86,4096530.49,49,0.0408,32269154.13,495,65190.21,37778.96,28113166.93,4155987.2,37,0.0747,446962.0700000003,0.0159,1696,7.436617265234227,86,0.0507,32269154.13,31762735.35,506418.77999999747,0.6331041611811273,0.2850127015282236,17.97489180596933,2,0
E57,***机械设备有限公司,B,否,33142670.55,130,254943.62,601349.92,29037818.42,4104852.13,8,0.0615,41818121.84,438,95475.16,35634.65,36405259.34,5412862.5,52,0.1187,7367440.920000002,0.2024,568,6.343880434126331,60,0.1056,41818121.84,33142670.55,8675451.290000003,0.7282075994181656,0.29772923430054404,18.13247578001666,3,0
E58,***油气工程建设有限责任公司,B,否,8109028.68,1352,5997.8,34973.51,7640162.89,468865.79,39,0.0288,33111799.72,388,85339.69,32410.96,31014154.56,2097645.16,104,0.268,23373991.669999998,0.7537,1740,7.462214939768189,143,0.0822,33111799.72,8109028.68,25002771.04,0.7247492052084235,0.1463902423635859,17.534454254524498,3,0
E59,***商贸有限公司,A,否,22368095.18,549,40743.34,39714.58,19319748.65,3048346.53,17,0.031,32660282.19,2149,15197.9,19029.6,28220277.0,4440005.19,82,0.0382,8900528.350000001,0.3154,2698,7.900636613018005,99,0.0367,32660282.19,22368095.18,10292187.010000002,0.4440260024996267,0.5063931555836094,17.823359580493445,4,0
E60,***机械租赁有限公司,B,否,5495527.57,538,10214.74,29242.42,4816313.87,679213.7,8,0.0149,12182169.0,513,23746.92,30987.68,11826973.96,355195.04,89,0.1735,7010660.090000001,0.5928,1051,6.9584483932976555,97,0.0923,12182169.0,5495527.57,6686641.43,0.43385573294709645,0.25888178471894885,16.6878143787522,3,0
E61,***调味品有限公司,B,否,942920.8,212,4447.74,8875.03,839842.91,103077.89,3,0.0142,19132125.8,1992,9604.48,3509.6,17293032.16,1839093.64,37,0.0186,16453189.25,0.9514,2204,7.6984827878809465,40,0.0181,19132125.8,942920.8,18189205.0,0.7323792443135638,0.3338449887422927,16.814988188902632,3,0
E62,***工程造价咨询有限公司***分公司,B,否,1299590.98,530,2452.06,11751.15,1228031.42,71559.56,3,0.0057,11910703.36,219,54386.77,56100.3,11236512.66,674190.7,28,0.1279,10008481.24,0.8907,749,6.620073206530356,31,0.0414,11910703.36,1299590.98,10611112.379999999,0.492245563218463,0.17264125509848538,16.39650703355366,3,0
E63,***科技有限公司,B,否,40171682.31,1573,25538.26,45541.34,36243987.98,3927694.33,47,0.0299,58321581.68,673,86659.11,34031.9,49976954.58,8344627.1,48,0.0713,13732966.600000001,0.2748,2246,7.717351272185329,95,0.0423,58321581.68,40171682.31,18149899.369999997,0.718024565378001,0.3592909920798754,18.40549872806855,3,0
E64,***图书有限责任公司,A,否,90634.05,32,2832.31,6451.85,86955.16,3678.89,0,0.0,9419044.26,1375,6850.21,3728.52,9356783.72,62260.54,92,0.0669,9269828.56,0.9907,1407,7.249925536717988,92,0.0654,9419044.26,90634.05,9328410.209999999,0.6475455938805939,0.3050690639427725,16.067820712607045,4,0
E65,***商贸有限公司,B,否,5199115.09,587,8857.1,25150.92,4714790.01,484325.08,8,0.0136,9027786.87,485,18613.99,24192.93,8226616.29,801170.58,30,0.0619,3511826.2800000003,0.4269,1072,6.9782137426306985,38,0.0354,9027786.87,5199115.09,3828671.7799999993,0.4348360031640951,0.26044150764259605,16.470645304776415,3,0
E66,***快递有限公司,B,否,5456558.31,577,9456.77,26728.48,5136339.35,320218.96,2,0.0035,5501870.56,679,8102.9,18567.21,5207530.6,294339.96,51,0.0751,71191.25,0.0137,1256,7.136483208590247,53,0.0422,5501870.56,5456558.31,45312.25,0.3038195193306732,0.2613432268877141,16.209619569184948,3,0
E67,***信息技术有限公司,B,否,1376410.55,647,2127.37,3456.56,1306990.79,69419.76,20,0.0309,6468430.0,215,30085.72,35972.71,6279182.47,189247.53,23,0.107,4972191.68,0.7919,862,6.760414691083428,43,0.0499,6468430.0,1376410.55,5092019.45,0.4554410391004533,0.3809807788813648,15.87536674636722,3,0
E68,***花木总公司,C,否,740.0,3,246.67,57.74,698.11,41.89,0,0.0,6550478.19,73,89732.58,23195.34,6451400.16,99078.03,8,0.1096,6450702.05,0.9999,76,4.343805421853684,8,0.1053,6550478.19,740.0,6549738.19,0.7946004849837436,0.8103216063522171,15.695161726168164,2,0
E69,***电子器材经营部,C,否,3250.0,1,3250.0,0.0,3155.34,94.66,0,0.0,4191376.85,587,7140.34,5266.76,4069297.91,122078.94,64,0.109,4066142.5700000003,0.9992,588,6.3784261836515865,64,0.1088,4191376.85,3250.0,4188126.85,0.5755043483509036,1.0,15.249315181194957,2,0
E70,***科技有限公司,B,否,6505617.19,1829,3556.93,12648.23,5700243.53,805373.66,42,0.023,12669437.87,578,21919.44,27464.78,11023808.42,1645629.45,109,0.1886,5323564.89,0.4829,2407,7.786551806428712,151,0.0627,12669437.87,6505617.19,6163820.679999999,0.4438551424029,0.21949366749729757,16.769120828811754,3,0
E71,***农业科技有限公司,B,否,11932230.11,1259,9477.55,29141.86,11809671.44,122558.67,54,0.0429,12758111.12,375,34021.63,32580.31,12757514.12,597.0,16,0.0427,947842.6799999997,0.0743,1634,7.399398083331354,70,0.0428,12758111.12,11932230.11,825881.0099999998,0.5108204055390756,0.24540897959742494,17.02192272230266,3,0
E72,***图书有限公司,C,否,1548582.77,117,13235.75,71599.52,1416070.05,132512.72,3,0.0256,4510610.75,248,18187.95,33081.98,4427068.84,83541.91,72,0.2903,3010998.79,0.6801,365,5.902633333401366,75,0.2055,4510610.75,1548582.77,2962027.98,0.3547488752304762,0.15601706696806628,15.617087431719435,2,0
E73,***商贸有限责任公司,C,否,870778.46,606,1436.93,3619.17,789814.3,80964.16,6,0.0099,7604741.18,236,32223.48,39733.83,6549961.37,1054779.81,13,0.0551,5760147.07,0.8794,842,6.736966958001855,19,0.0226,7604741.18,870778.46,6733962.72,0.44781384963601595,0.284197306365737,15.95269264179227,2,0
E74,***蔬菜专业合作社,B,否,337315.0,19,17753.42,21532.9,337049.71,265.29,0,0.0,4312434.4,555,7770.15,3199.98,4312434.4,0.0,43,0.0775,3975384.6900000004,0.9218,574,6.354370040797351,43,0.0749,4312434.4,337315.0,3975119.4000000004,0.7083006309215751,0.4518982689279144,15.3523240987035,3,0
E75,***酒店管理有限公司,C,否,2758680.25,552,4997.61,13668.82,2591545.93,167134.32,14,0.0254,7299000.9,8655,843.33,1729.89,7086397.19,212603.71,591,0.0683,4494851.26,0.6343,9207,9.127827950401718,605,0.0657,7299000.9,2758680.25,4540320.65,0.3277333460303692,0.26773250164773166,16.12384729350462,2,0
E76,***信息科技有限公司,B,否,937510.61,350,2678.6,9521.68,874397.18,63113.43,4,0.0114,4573117.8,245,18665.79,28819.78,4291331.69,281786.11,22,0.0898,3416934.5100000002,0.7962,595,6.39024066706535,26,0.0437,4573117.8,937510.61,3635607.19,0.39308341461641755,0.21955233820702869,15.52218940509531,3,0
E77,***机电设备有限公司,C,否,809775.0,54,14995.83,28612.07,751080.41,58694.59,1,0.0185,4724047.99,258,18310.26,26752.32,4499093.52,224954.47,6,0.0233,3748013.1099999994,0.8331,312,5.746203190540153,7,0.0224,4724047.99,809775.0,3914272.99,0.40632959765272364,0.34387874675588875,15.52638963361902,2,0
E78,个体经营E78,C,否,3748968.62,52,72095.55,66471.05,3219546.28,529422.34,0,0.0,10955349.65,268,40878.17,32585.23,10103627.05,851722.6,20,0.0746,6884080.770000001,0.6813,320,5.771441123130016,20,0.0625,10955349.65,3748968.62,7206381.03,0.5564426639720399,0.5202952948291991,16.50365183648116,2,0
E79,***鞋业有限公司,B,否,3324452.58,154,21587.35,30031.84,2926384.5,398068.08,2,0.013,3854546.09,86,44820.3,37553.29,3629591.93,224954.16,12,0.1395,703207.4300000002,0.1937,240,5.484796933490655,14,0.0583,3854546.09,3324452.58,530093.5099999998,0.5441100721779383,0.4182039664043894,15.786670609591214,3,0
E80,***实业有限责任公司,C,否,2603035.73,395,6589.96,64980.63,2465390.84,137644.89,5,0.0127,3877455.52,48,80780.32,21085.37,3707580.93,169874.59,1,0.0208,1242190.0900000003,0.335,443,6.095824562432225,6,0.0135,3877455.52,2603035.73,1274419.79,0.7930081266833513,0.09207636825276869,15.684307029949473,2,0
E81,***机械设备有限公司,A,否,2358236.53,211,11176.48,20832.3,2050136.67,308099.86,6,0.0284,4147436.89,649,6390.5,3101.59,3584554.35,562882.54,40,0.0616,1534417.6800000002,0.4281,860,6.7580945044277305,46,0.0535,4147436.89,2358236.53,1789200.3600000003,0.6732447754210881,0.3491691967219879,15.688185341726042,4,0
E82,***商贸有限公司,D,是,1777008.32,315,5641.3,10644.98,1546915.64,230092.68,4,0.0127,3491321.21,343,10178.78,2426.3,3009910.42,481410.79,8,0.0233,1462994.78,0.4861,658,6.490723534502507,12,0.0182,3491321.21,1777008.32,1714312.89,0.8075141133727421,0.34638358180343315,15.477224082853512,1,1
E83,***社会福利院（***社会福利社会化服务中心）,B,否,41186120.16,2890,14251.25,30472.77,38256342.83,2929777.33,191,0.0661,3729982.43,706,5283.26,3066.61,3621342.41,108640.02,57,0.0807,-34635000.42,-9.5641,3596,8.187855443695623,248,0.069,3729982.43,41186120.16,-37456137.73,0.6327355995203835,0.3186486814173089,17.62030694297701,3,0
E84,***建材有限公司,A,否,1662863.65,54,30793.77,44509.47,1438394.46,224469.19,1,0.0185,6471615.79,498,12995.21,16462.78,5600778.8,870836.99,53,0.1064,4162384.34,0.7432,552,6.315358001522335,54,0.0978,6471615.79,1662863.65,4808752.140000001,0.4411438119355346,0.4089302133691866,15.911622429355356,4,0
E85,***安防科技有限公司,B,否,436011.42,229,1903.98,9836.39,412098.47,23912.95,1,0.0044,3121310.2,293,10652.94,17541.22,3030215.17,91095.03,46,0.157,2618116.7,0.864,522,6.259581464064923,47,0.09,3121310.2,436011.42,2685298.7800000003,0.3778420779559369,0.16217376461200342,15.084518746845706,3,0
E86,***地质工程勘察院***分院,C,否,1762783.58,138,12773.79,29778.32,1752716.11,10067.47,1,0.0072,4329051.16,22,196775.05,454282.27,4202962.29,126088.87,3,0.1364,2450246.1799999997,0.583,160,5.081404364984463,4,0.025,4329051.16,1762783.58,2566267.58,0.30223920990658354,0.3001916943883584,15.622460029403209,2,0
E87,***实业有限责任公司,C,是,1798250.11,379,4744.72,13450.28,1628496.66,169753.45,8,0.0211,4533006.79,74,61256.85,40981.25,4102904.02,430102.77,3,0.0405,2474407.3600000003,0.6031,453,6.118097198041348,11,0.0243,4533006.79,1798250.11,2734756.6799999997,0.5991587285014182,0.260770541398144,15.661009494757227,2,1
E88,***贸易有限公司,A,否,683458.46,214,3193.73,3526.17,648069.06,35389.4,0,0.0,2998419.93,400,7496.05,3237.5,2787946.67,210473.26,36,0.09,2139877.61,0.7675,614,6.421622267806518,36,0.0586,2998419.93,683458.46,2314961.47,0.6983756539357086,0.47526451294286154,15.118933883584656,4,0
E89,***物资有限公司,A,否,2823442.69,65,43437.58,51055.24,2687702.12,135740.57,2,0.0308,2283146.16,172,13274.11,16836.71,1970635.93,312510.23,7,0.0407,-717066.1900000002,-0.3639,237,5.472270673671475,9,0.038,2283146.16,2823442.69,-540296.5299999998,0.4408418635081728,0.45969185807493423,15.446042391067273,4,0
E90,***文化传媒有限责任公司,C,否,787876.57,139,5668.18,10909.2,760336.59,27539.98,4,0.0288,4833004.16,261,18517.26,31211.13,4559532.3,273471.86,74,0.2835,3799195.71,0.8332,400,5.993961427306569,78,0.195,4833004.16,787876.57,4045127.5900000003,0.3723679773390538,0.34192254751101064,15.541999101022771,2,0
E91,***科技实业有限公司,A,否,1615182.18,177,9125.32,11400.93,1405003.37,210178.81,9,0.0508,2862281.4,129,22188.23,20753.73,2481853.34,380428.06,6,0.0465,1076849.9699999997,0.4339,306,5.726847747587197,15,0.049,2862281.4,1615182.18,1247099.22,0.5167027774345487,0.44456829672031817,15.314567502221282,4,0
E92,***地质灾害防治有限公司,C,否,159766.41,213,750.08,2125.6,149058.96,10707.45,1,0.0047,2509840.0,39,64354.87,37518.71,2436737.82,73102.18,3,0.0769,2287678.86,0.9388,252,5.53338948872752,4,0.0159,2509840.0,159766.41,2350073.59,0.631713050629695,0.26083569824847147,14.797441982112183,2,0
E93,***电脑设计事务所,B,否,335386.83,213,1574.59,3022.5,317301.53,18085.3,5,0.0235,1584737.0,148,10707.68,14107.54,1538579.61,46157.39,7,0.0473,1221278.08,0.7938,361,5.8916442118257715,12,0.0332,1584737.0,335386.83,1249350.17,0.43149647678193076,0.3425188544617315,14.46790075751554,3,0
E94,***汽车美容有限公司,C,否,16346.0,4,4086.5,7579.7,14049.87,2296.13,0,0.0,1208913.49,196,6167.93,5077.62,1173702.6,35210.89,18,0.0918,1159652.73,0.988,200,5.303304908059076,18,0.09,1208913.49,16346.0,1192567.49,0.548477397766363,0.35028544004472023,14.018664024253201,2,0
E95,***兰花店,B,否,1138.0,4,284.5,9.0,1073.58,64.42,0,0.0,2527622.45,913,2768.48,3114.62,2454001.88,73620.57,49,0.0537,2452928.3,0.9996,917,6.822197390620491,49,0.0534,2527622.45,1138.0,2526484.45,0.47058183619680405,0.9693356048744953,14.74324019538266,3,0
E96,***土地整理有限公司,C,否,2435469.96,11,221406.36,731324.44,2319001.37,116468.59,0,0.0,1579350.0,20,78967.5,26088.34,1531537.23,47812.77,2,0.1,-787464.1400000001,-0.5142,31,3.4657359027997265,2,0.0645,1579350.0,2435469.96,-856119.96,0.7516716824143077,0.23239131137648494,15.205503311591626,2,0
E97,***美工装饰部,B,否,19880.0,9,2208.89,1472.48,18754.7,1125.3,0,0.0,1009316.9,264,3823.17,3724.96,979919.26,29397.64,9,0.0341,961164.56,0.9809,273,5.6131281063880705,9,0.033,1009316.9,19880.0,989436.9,0.5065055848923501,0.6000184714929445,13.844290318967902,3,0
E98,***文化传播有限公司,B,否,209488.98,51,4107.63,14046.2,199513.35,9975.63,1,0.0196,1814882.0,153,11861.97,18632.06,1762947.59,51934.41,20,0.1307,1563434.24,0.8868,204,5.3230099791384085,21,0.1029,1814882.0,209488.98,1605393.02,0.38899318983456777,0.22626795562003899,14.520770077088155,3,0
E99,***建筑工程有限责任公司,D,是,7002019.61,880,7956.84,69395.86,6384915.51,617104.1,9,0.0102,1551062.66,8,193882.83,142890.99,1488102.0,62960.66,3,0.375,-4896813.51,-3.2906,888,6.790097235513905,12,0.0135,1551062.66,7002019.61,-5450956.95,0.5757063598364751,0.10286441198428932,15.961802392280754,1,1
E100,***装饰工程有限公司,D,是,23323.02,58,402.12,580.38,21068.8,2254.22,0,0.0,711489.21,99,7186.76,13444.02,690766.21,20723.0,1,0.0101,669697.4099999999,0.9695,157,5.062595033026967,1,0.0064,711489.21,23323.02,688166.19,0.3483513469026207,0.40928244334933084,13.507371637060313,1,1
E101,***灯饰工程有限公司,D,是,53158.0,16,3322.38,10146.82,45901.77,7256.23,0,0.0,725965.41,63,11523.26,8035.12,628887.98,97077.43,31,0.4921,582986.21,0.927,79,4.382026634673881,31,0.3924,725965.41,53158.0,672807.41,0.5891725183993167,0.24666498387085609,13.565926016851119,1,1
E102,***大药房有限责任公司,D,是,3708883.84,730,5080.66,8828.32,3222107.37,486776.47,20,0.0274,465011.01,177,2627.18,4254.21,403228.46,61782.55,26,0.1469,-2818878.91,-6.9908,907,6.811244378601294,46,0.0507,465011.01,3708883.84,-3243872.83,0.38178042526556694,0.36527912187915446,15.244360414223642,1,1
E103,***科技有限公司,D,是,769561.21,172,4474.19,14157.14,712239.17,57322.04,3,0.0174,2085269.74,64,32582.34,36743.09,1939322.8,145946.94,10,0.1562,1227083.63,0.6327,236,5.4680601411351315,13,0.0551,2085269.74,769561.21,1315708.53,0.46999117063579715,0.24014334997876463,14.864523537693598,1,1
E104,***管理咨询有限责任公司,C,否,280.0,1,280.0,0.0,264.15,15.85,0,0.0,290530.0,21,13834.76,25496.6,282067.99,8462.01,2,0.0952,281803.83999999997,0.9991,22,3.1354942159291497,2,0.0909,290530.0,280.0,290250.0,0.35174883351728115,1.0,12.580428850611098,2,0
E105,***建材经营部,C,否,8480.0,6,1413.33,1514.66,7436.92,1043.08,0,0.0,962958.89,122,7893.11,3984.99,934719.37,28239.52,1,0.0082,927282.45,0.992,128,4.859812404361672,1,0.0078,962958.89,8480.0,954478.89,0.6645094754493978,0.4826963208608307,13.786534672493731,2,0
E106,***财务管理有限公司,B,否,61461.1,36,1707.25,3189.46,59073.13,2387.97,1,0.0278,659197.86,153,4308.48,3807.94,639905.53,19292.33,15,0.098,580832.4,0.9077,189,5.247024072160486,16,0.0847,659197.86,61461.1,597736.76,0.5308350233808952,0.34865246270482586,13.487922682271913,3,0
E107,***科技有限公司,D,是,110910.0,9,12323.33,23552.11,104637.38,6272.62,0,0.0,939500.0,54,17398.15,29823.08,886320.67,53179.33,20,0.3704,781683.29,0.8819,63,4.1588830833596715,20,0.3175,939500.0,110910.0,828590.0,0.3684391533348784,0.34350324346283967,13.864692074116956,1,1
E108,***商贸有限公司,D,是,106222.95,218,487.26,1237.09,99297.0,6925.95,0,0.0,197215.26,33,5976.22,3683.71,191471.11,5744.15,0,0.0,92174.10999999999,0.4814,251,5.529429087511423,0,0.0,197215.26,106222.95,90992.31000000001,0.6186607977885283,0.2825760435627477,12.622936572879297,1,1
E109,***服饰有限公司,D,是,3371.0,10,337.1,170.79,3257.44,113.56,0,0.0,683043.0,33,20698.27,26812.8,662413.36,20629.64,10,0.303,659155.92,0.9951,43,3.784189633918261,10,0.2326,683043.0,3371.0,679672.0,0.43565152290959447,0.6637263981103657,13.439237680063966,1,1
E110,***通讯器材经营部,C,否,1040.0,3,346.67,115.47,963.39,76.61,0,0.0,275405.2,83,3318.13,3782.42,267383.62,8021.58,21,0.253,266420.23,0.9964,86,4.465908118654584,21,0.2442,275405.2,1040.0,274365.2,0.4673060538314206,0.7501406505601319,12.529771505967139,2,0
E111,***科技有限公司,D,是,653296.62,278,2349.99,14784.91,597956.99,55339.63,14,0.0504,1667595.2,250,6670.38,41928.53,1409005.92,258589.28,46,0.184,811048.9299999999,0.5756,528,6.270988431858299,60,0.1136,1667595.2,653296.62,1014298.58,0.13725369562532877,0.13714640884177048,14.657462505818929,1,1
E112,***机械设备有限公司,D,是,988653.89,106,9326.92,10623.2,849334.69,139319.2,4,0.0377,1678316.19,22,76287.1,46763.46,1435233.49,243082.7,6,0.2727,585898.8,0.4082,128,4.859812404361672,10,0.0781,1678316.19,988653.89,689662.2999999999,0.6199654841097841,0.46751197489200513,14.796453959460814,1,1
E113,***美居科技有限公司,D,是,1357988.73,104,13057.58,28449.55,1290321.37,67667.36,2,0.0192,340700.0,47,7248.94,6021.64,293235.75,47464.25,16,0.3404,-997085.6200000001,-3.4003,151,5.0238805208462765,18,0.1192,340700.0,1357988.73,-1017288.73,0.5462413851130665,0.3145864337207948,14.345367764789398,1,1
E114,***食品有限责任公司,D,是,700442.0,76,9216.34,17282.17,617541.09,82900.91,7,0.0921,261461.64,75,3486.16,2784.11,253831.44,7630.2,9,0.12,-363709.64999999997,-1.4329,151,5.0238805208462765,16,0.106,261461.64,700442.0,-438980.36,0.5559824378286768,0.34780597100184857,13.776670597915329,1,1
E115,***装饰工程有限公司,D,是,560.0,2,280.0,0.0,528.3,31.7,0,0.0,108200.0,6,18033.33,13876.84,105048.54,3151.46,2,0.3333,104520.23999999999,0.995,8,2.1972245773362196,2,0.25,108200.0,560.0,107640.0,0.5651279827225888,1.0,11.596908093260959,1,1
E116,***门窗有限公司,D,是,2806.25,10,280.62,137.65,2605.87,200.38,0,0.0,265055.32,47,5639.47,3634.33,257329.39,7725.93,4,0.0851,254723.52000000002,0.9899,57,4.060443010546419,4,0.0702,265055.32,2806.25,262249.07,0.6081077875727202,0.6709063531429308,12.498229329459411,1,1
E117,***人力资源管理咨询有限公司,D,是,7120.0,4,1780.0,1474.16,6708.79,411.21,0,0.0,718944.0,44,16339.64,14492.66,716740.9,2203.1,18,0.4091,710032.11,0.9906,48,3.8918202981106265,18,0.375,718944.0,7120.0,711824.0,0.5299520308400621,0.5469921578696216,13.495394821479652,1,1
E118,***体育用品有限公司,D,是,169142.79,29,5832.51,14630.18,151970.75,17172.04,2,0.069,322775.2,144,2241.49,6930.76,313360.31,9414.89,8,0.0556,161389.56,0.515,173,5.159055299214529,10,0.0578,322775.2,169142.79,153632.41,0.2443773338881542,0.28503144018283855,13.106069327445864,1,1
E119,***药房,D,是,249797.33,315,793.01,1383.5,219792.14,30005.19,1,0.0032,37242.0,21,1773.43,904.07,36157.3,1084.7,3,0.1429,-183634.84000000003,-5.0788,336,5.820082930352362,4,0.0119,37242.0,249797.33,-212555.33,0.6623454716480504,0.3643493485606088,12.567378007517458,1,1
E120,***陈列广告有限公司,D,是,30196.34,36,838.79,2448.25,28257.07,1939.27,1,0.0278,196393.42,29,6772.19,17419.61,190673.21,5720.21,20,0.6897,162416.13999999998,0.8518,65,4.189654742026425,21,0.3231,196393.42,30196.34,166197.08000000002,0.27993741684041956,0.2551809533029166,12.330900850045621,1,1
E121,***药业连锁有限公司***药店,D,是,1251119.88,50,25022.4,30277.25,1073486.18,177633.7,0,0.0,117792.76,186,633.29,421.29,104646.32,13146.44,23,0.1237,-968839.8599999999,-9.2582,236,5.4680601411351315,23,0.0975,117792.76,1251119.88,-1133327.1199999999,0.600513949059802,0.45248749314955,14.129528019738798,1,1
E122,***商贸有限责任公司,D,是,54708.26,48,1139.76,3056.48,51579.66,3128.6,1,0.0208,87489.06,118,741.43,1444.97,84574.42,2914.64,16,0.1356,32994.759999999995,0.3901,166,5.117993812416755,17,0.1024,87489.06,54708.26,32780.799999999996,0.3391099527354967,0.27161458847167597,11.864977981935496,1,1
E123,***创科技有限责任公司,D,是,840.0,3,280.0,0.0,792.45,47.55,0,0.0,267168.2,65,4110.28,4587.51,236709.26,30458.94,32,0.4923,235916.81,0.9967,68,4.23410650459726,32,0.4706,267168.2,840.0,266328.2,0.47256601970471046,1.0,12.498776587261998,1,1
